delta,seed,dataset,model,error,accuracy_cert_pois_robust,gurobi_node_count
0.0,0,cba,SGC,"Expected all tensors to be on the same device, but found at least two devices, cuda:0 and cpu!",,
0.02,0,cba,SGC,"Expected all tensors to be on the same device, but found at least two devices, cuda:0 and cpu!",,
0.04,0,cba,SGC,"Expected all tensors to be on the same device, but found at least two devices, cuda:0 and cpu!",,
0.05,0,cba,SGC,"Expected all tensors to be on the same device, but found at least two devices, cuda:0 and cpu!",,
0.06,0,cba,SGC,"Expected all tensors to be on the same device, but found at least two devices, cuda:0 and cpu!",,
0.08,0,cba,SGC,"Expected all tensors to be on the same device, but found at least two devices, cuda:0 and cpu!",,
0.1,0,cba,SGC,"Expected all tensors to be on the same device, but found at least two devices, cuda:0 and cpu!",,
0.12,0,cba,SGC,"Expected all tensors to be on the same device, but found at least two devices, cuda:0 and cpu!",,
0.13,0,cba,SGC,"Expected all tensors to be on the same device, but found at least two devices, cuda:0 and cpu!",,
0.132,0,cba,SGC,"Expected all tensors to be on the same device, but found at least two devices, cuda:0 and cpu!",,
0.134,0,cba,SGC,"Expected all tensors to be on the same device, but found at least two devices, cuda:0 and cpu!",,
0.136,0,cba,SGC,"Expected all tensors to be on the same device, but found at least two devices, cuda:0 and cpu!",,
0.138,0,cba,SGC,"Expected all tensors to be on the same device, but found at least two devices, cuda:0 and cpu!",,
0.14,0,cba,SGC,"Expected all tensors to be on the same device, but found at least two devices, cuda:0 and cpu!",,
0.14200000000000002,0,cba,SGC,"Expected all tensors to be on the same device, but found at least two devices, cuda:0 and cpu!",,
0.144,0,cba,SGC,"Expected all tensors to be on the same device, but found at least two devices, cuda:0 and cpu!",,
0.146,0,cba,SGC,"Expected all tensors to be on the same device, but found at least two devices, cuda:0 and cpu!",,
0.148,0,cba,SGC,"Expected all tensors to be on the same device, but found at least two devices, cuda:0 and cpu!",,
0.15,0,cba,SGC,"Expected all tensors to be on the same device, but found at least two devices, cuda:0 and cpu!",,
0.152,0,cba,SGC,"Expected all tensors to be on the same device, but found at least two devices, cuda:0 and cpu!",,
0.154,0,cba,SGC,"Expected all tensors to be on the same device, but found at least two devices, cuda:0 and cpu!",,
0.156,0,cba,SGC,"Expected all tensors to be on the same device, but found at least two devices, cuda:0 and cpu!",,
0.158,0,cba,SGC,"Expected all tensors to be on the same device, but found at least two devices, cuda:0 and cpu!",,
0.16,0,cba,SGC,"Expected all tensors to be on the same device, but found at least two devices, cuda:0 and cpu!",,
0.162,0,cba,SGC,"Expected all tensors to be on the same device, but found at least two devices, cuda:0 and cpu!",,
0.164,0,cba,SGC,"Expected all tensors to be on the same device, but found at least two devices, cuda:0 and cpu!",,
0.16599999999999998,0,cba,SGC,"Expected all tensors to be on the same device, but found at least two devices, cuda:0 and cpu!",,
0.16799999999999998,0,cba,SGC,"Expected all tensors to be on the same device, but found at least two devices, cuda:0 and cpu!",,
0.16999999999999998,0,cba,SGC,"Expected all tensors to be on the same device, but found at least two devices, cuda:0 and cpu!",,
0.172,0,cba,SGC,"Expected all tensors to be on the same device, but found at least two devices, cuda:0 and cpu!",,
0.174,0,cba,SGC,"Expected all tensors to be on the same device, but found at least two devices, cuda:0 and cpu!",,
0.176,0,cba,SGC,"Expected all tensors to be on the same device, but found at least two devices, cuda:0 and cpu!",,
0.178,0,cba,SGC,"Expected all tensors to be on the same device, but found at least two devices, cuda:0 and cpu!",,
0.18,0,cba,SGC,"Expected all tensors to be on the same device, but found at least two devices, cuda:0 and cpu!",,
0.2,0,cba,SGC,"Expected all tensors to be on the same device, but found at least two devices, cuda:0 and cpu!",,
0.22,0,cba,SGC,"Expected all tensors to be on the same device, but found at least two devices, cuda:0 and cpu!",,
0.24,0,cba,SGC,"Expected all tensors to be on the same device, but found at least two devices, cuda:0 and cpu!",,
0.25,0,cba,SGC,"Expected all tensors to be on the same device, but found at least two devices, cuda:0 and cpu!",,
0.26,0,cba,SGC,"Expected all tensors to be on the same device, but found at least two devices, cuda:0 and cpu!",,
0.28,0,cba,SGC,"Expected all tensors to be on the same device, but found at least two devices, cuda:0 and cpu!",,
0.3,0,cba,SGC,"Expected all tensors to be on the same device, but found at least two devices, cuda:0 and cpu!",,
0.5,0,cba,SGC,"Expected all tensors to be on the same device, but found at least two devices, cuda:0 and cpu!",,
1.0,0,cba,SGC,"Expected all tensors to be on the same device, but found at least two devices, cuda:0 and cpu!",,
0.0,1,cba,SGC,"Expected all tensors to be on the same device, but found at least two devices, cuda:0 and cpu!",,
0.02,1,cba,SGC,"Expected all tensors to be on the same device, but found at least two devices, cuda:0 and cpu!",,
0.04,1,cba,SGC,"Expected all tensors to be on the same device, but found at least two devices, cuda:0 and cpu!",,
0.05,1,cba,SGC,"Expected all tensors to be on the same device, but found at least two devices, cuda:0 and cpu!",,
0.06,1,cba,SGC,"Expected all tensors to be on the same device, but found at least two devices, cuda:0 and cpu!",,
0.08,1,cba,SGC,"Expected all tensors to be on the same device, but found at least two devices, cuda:0 and cpu!",,
0.1,1,cba,SGC,"Expected all tensors to be on the same device, but found at least two devices, cuda:0 and cpu!",,
0.12,1,cba,SGC,"Expected all tensors to be on the same device, but found at least two devices, cuda:0 and cpu!",,
0.13,1,cba,SGC,"Expected all tensors to be on the same device, but found at least two devices, cuda:0 and cpu!",,
0.132,1,cba,SGC,"Expected all tensors to be on the same device, but found at least two devices, cuda:0 and cpu!",,
0.134,1,cba,SGC,"Expected all tensors to be on the same device, but found at least two devices, cuda:0 and cpu!",,
0.136,1,cba,SGC,"Expected all tensors to be on the same device, but found at least two devices, cuda:0 and cpu!",,
0.138,1,cba,SGC,"Expected all tensors to be on the same device, but found at least two devices, cuda:0 and cpu!",,
0.14,1,cba,SGC,"Expected all tensors to be on the same device, but found at least two devices, cuda:0 and cpu!",,
0.14200000000000002,1,cba,SGC,"Expected all tensors to be on the same device, but found at least two devices, cuda:0 and cpu!",,
0.144,1,cba,SGC,"Expected all tensors to be on the same device, but found at least two devices, cuda:0 and cpu!",,
0.146,1,cba,SGC,"Expected all tensors to be on the same device, but found at least two devices, cuda:0 and cpu!",,
0.148,1,cba,SGC,"Expected all tensors to be on the same device, but found at least two devices, cuda:0 and cpu!",,
0.15,1,cba,SGC,"Expected all tensors to be on the same device, but found at least two devices, cuda:0 and cpu!",,
0.152,1,cba,SGC,"Expected all tensors to be on the same device, but found at least two devices, cuda:0 and cpu!",,
0.154,1,cba,SGC,"Expected all tensors to be on the same device, but found at least two devices, cuda:0 and cpu!",,
0.156,1,cba,SGC,"Expected all tensors to be on the same device, but found at least two devices, cuda:0 and cpu!",,
0.158,1,cba,SGC,"Expected all tensors to be on the same device, but found at least two devices, cuda:0 and cpu!",,
0.16,1,cba,SGC,"Expected all tensors to be on the same device, but found at least two devices, cuda:0 and cpu!",,
0.162,1,cba,SGC,"Expected all tensors to be on the same device, but found at least two devices, cuda:0 and cpu!",,
0.164,1,cba,SGC,"Expected all tensors to be on the same device, but found at least two devices, cuda:0 and cpu!",,
0.16599999999999998,1,cba,SGC,"Expected all tensors to be on the same device, but found at least two devices, cuda:0 and cpu!",,
0.16799999999999998,1,cba,SGC,"Expected all tensors to be on the same device, but found at least two devices, cuda:0 and cpu!",,
0.16999999999999998,1,cba,SGC,"Expected all tensors to be on the same device, but found at least two devices, cuda:0 and cpu!",,
0.172,1,cba,SGC,"Expected all tensors to be on the same device, but found at least two devices, cuda:0 and cpu!",,
0.174,1,cba,SGC,"Expected all tensors to be on the same device, but found at least two devices, cuda:0 and cpu!",,
0.176,1,cba,SGC,"Expected all tensors to be on the same device, but found at least two devices, cuda:0 and cpu!",,
0.178,1,cba,SGC,"Expected all tensors to be on the same device, but found at least two devices, cuda:0 and cpu!",,
0.18,1,cba,SGC,"Expected all tensors to be on the same device, but found at least two devices, cuda:0 and cpu!",,
0.2,1,cba,SGC,"Expected all tensors to be on the same device, but found at least two devices, cuda:0 and cpu!",,
0.22,1,cba,SGC,"Expected all tensors to be on the same device, but found at least two devices, cuda:0 and cpu!",,
0.24,1,cba,SGC,"Expected all tensors to be on the same device, but found at least two devices, cuda:0 and cpu!",,
0.25,1,cba,SGC,"Expected all tensors to be on the same device, but found at least two devices, cuda:0 and cpu!",,
0.26,1,cba,SGC,"Expected all tensors to be on the same device, but found at least two devices, cuda:0 and cpu!",,
0.28,1,cba,SGC,"Expected all tensors to be on the same device, but found at least two devices, cuda:0 and cpu!",,
0.3,1,cba,SGC,"Expected all tensors to be on the same device, but found at least two devices, cuda:0 and cpu!",,
0.5,1,cba,SGC,"Expected all tensors to be on the same device, but found at least two devices, cuda:0 and cpu!",,
1.0,1,cba,SGC,"Expected all tensors to be on the same device, but found at least two devices, cuda:0 and cpu!",,
0.0,2,cba,SGC,"Expected all tensors to be on the same device, but found at least two devices, cuda:0 and cpu!",,
0.02,2,cba,SGC,"Expected all tensors to be on the same device, but found at least two devices, cuda:0 and cpu!",,
0.04,2,cba,SGC,"Expected all tensors to be on the same device, but found at least two devices, cuda:0 and cpu!",,
0.05,2,cba,SGC,"Expected all tensors to be on the same device, but found at least two devices, cuda:0 and cpu!",,
0.06,2,cba,SGC,"Expected all tensors to be on the same device, but found at least two devices, cuda:0 and cpu!",,
0.08,2,cba,SGC,"Expected all tensors to be on the same device, but found at least two devices, cuda:0 and cpu!",,
0.1,2,cba,SGC,"Expected all tensors to be on the same device, but found at least two devices, cuda:0 and cpu!",,
0.12,2,cba,SGC,"Expected all tensors to be on the same device, but found at least two devices, cuda:0 and cpu!",,
0.13,2,cba,SGC,"Expected all tensors to be on the same device, but found at least two devices, cuda:0 and cpu!",,
0.132,2,cba,SGC,"Expected all tensors to be on the same device, but found at least two devices, cuda:0 and cpu!",,
0.134,2,cba,SGC,"Expected all tensors to be on the same device, but found at least two devices, cuda:0 and cpu!",,
0.136,2,cba,SGC,"Expected all tensors to be on the same device, but found at least two devices, cuda:0 and cpu!",,
0.138,2,cba,SGC,"Expected all tensors to be on the same device, but found at least two devices, cuda:0 and cpu!",,
0.14,2,cba,SGC,"Expected all tensors to be on the same device, but found at least two devices, cuda:0 and cpu!",,
0.14200000000000002,2,cba,SGC,"Expected all tensors to be on the same device, but found at least two devices, cuda:0 and cpu!",,
0.144,2,cba,SGC,"Expected all tensors to be on the same device, but found at least two devices, cuda:0 and cpu!",,
0.146,2,cba,SGC,"Expected all tensors to be on the same device, but found at least two devices, cuda:0 and cpu!",,
0.148,2,cba,SGC,"Expected all tensors to be on the same device, but found at least two devices, cuda:0 and cpu!",,
0.15,2,cba,SGC,"Expected all tensors to be on the same device, but found at least two devices, cuda:0 and cpu!",,
0.152,2,cba,SGC,"Expected all tensors to be on the same device, but found at least two devices, cuda:0 and cpu!",,
0.154,2,cba,SGC,"Expected all tensors to be on the same device, but found at least two devices, cuda:0 and cpu!",,
0.156,2,cba,SGC,"Expected all tensors to be on the same device, but found at least two devices, cuda:0 and cpu!",,
0.158,2,cba,SGC,"Expected all tensors to be on the same device, but found at least two devices, cuda:0 and cpu!",,
0.16,2,cba,SGC,"Expected all tensors to be on the same device, but found at least two devices, cuda:0 and cpu!",,
0.162,2,cba,SGC,"Expected all tensors to be on the same device, but found at least two devices, cuda:0 and cpu!",,
0.164,2,cba,SGC,"Expected all tensors to be on the same device, but found at least two devices, cuda:0 and cpu!",,
0.16599999999999998,2,cba,SGC,"Expected all tensors to be on the same device, but found at least two devices, cuda:0 and cpu!",,
0.16799999999999998,2,cba,SGC,"Expected all tensors to be on the same device, but found at least two devices, cuda:0 and cpu!",,
0.16999999999999998,2,cba,SGC,"Expected all tensors to be on the same device, but found at least two devices, cuda:0 and cpu!",,
0.172,2,cba,SGC,"Expected all tensors to be on the same device, but found at least two devices, cuda:0 and cpu!",,
0.174,2,cba,SGC,"Expected all tensors to be on the same device, but found at least two devices, cuda:0 and cpu!",,
0.176,2,cba,SGC,"Expected all tensors to be on the same device, but found at least two devices, cuda:0 and cpu!",,
0.178,2,cba,SGC,"Expected all tensors to be on the same device, but found at least two devices, cuda:0 and cpu!",,
0.18,2,cba,SGC,"Expected all tensors to be on the same device, but found at least two devices, cuda:0 and cpu!",,
0.2,2,cba,SGC,"Expected all tensors to be on the same device, but found at least two devices, cuda:0 and cpu!",,
0.22,2,cba,SGC,"Expected all tensors to be on the same device, but found at least two devices, cuda:0 and cpu!",,
0.24,2,cba,SGC,"Expected all tensors to be on the same device, but found at least two devices, cuda:0 and cpu!",,
0.25,2,cba,SGC,"Expected all tensors to be on the same device, but found at least two devices, cuda:0 and cpu!",,
0.26,2,cba,SGC,"Expected all tensors to be on the same device, but found at least two devices, cuda:0 and cpu!",,
0.28,2,cba,SGC,"Expected all tensors to be on the same device, but found at least two devices, cuda:0 and cpu!",,
0.3,2,cba,SGC,"Expected all tensors to be on the same device, but found at least two devices, cuda:0 and cpu!",,
0.5,2,cba,SGC,"Expected all tensors to be on the same device, but found at least two devices, cuda:0 and cpu!",,
1.0,2,cba,SGC,"Expected all tensors to be on the same device, but found at least two devices, cuda:0 and cpu!",,
0.0,3,cba,SGC,"Expected all tensors to be on the same device, but found at least two devices, cuda:0 and cpu!",,
0.02,3,cba,SGC,"Expected all tensors to be on the same device, but found at least two devices, cuda:0 and cpu!",,
0.04,3,cba,SGC,"Expected all tensors to be on the same device, but found at least two devices, cuda:0 and cpu!",,
0.05,3,cba,SGC,"Expected all tensors to be on the same device, but found at least two devices, cuda:0 and cpu!",,
0.06,3,cba,SGC,"Expected all tensors to be on the same device, but found at least two devices, cuda:0 and cpu!",,
0.08,3,cba,SGC,"Expected all tensors to be on the same device, but found at least two devices, cuda:0 and cpu!",,
0.1,3,cba,SGC,"Expected all tensors to be on the same device, but found at least two devices, cuda:0 and cpu!",,
0.12,3,cba,SGC,"Expected all tensors to be on the same device, but found at least two devices, cuda:0 and cpu!",,
0.13,3,cba,SGC,"Expected all tensors to be on the same device, but found at least two devices, cuda:0 and cpu!",,
0.132,3,cba,SGC,"Expected all tensors to be on the same device, but found at least two devices, cuda:0 and cpu!",,
0.134,3,cba,SGC,"Expected all tensors to be on the same device, but found at least two devices, cuda:0 and cpu!",,
0.136,3,cba,SGC,"Expected all tensors to be on the same device, but found at least two devices, cuda:0 and cpu!",,
0.138,3,cba,SGC,"Expected all tensors to be on the same device, but found at least two devices, cuda:0 and cpu!",,
0.14,3,cba,SGC,"Expected all tensors to be on the same device, but found at least two devices, cuda:0 and cpu!",,
0.14200000000000002,3,cba,SGC,"Expected all tensors to be on the same device, but found at least two devices, cuda:0 and cpu!",,
0.144,3,cba,SGC,"Expected all tensors to be on the same device, but found at least two devices, cuda:0 and cpu!",,
0.146,3,cba,SGC,"Expected all tensors to be on the same device, but found at least two devices, cuda:0 and cpu!",,
0.148,3,cba,SGC,"Expected all tensors to be on the same device, but found at least two devices, cuda:0 and cpu!",,
0.15,3,cba,SGC,"Expected all tensors to be on the same device, but found at least two devices, cuda:0 and cpu!",,
0.152,3,cba,SGC,"Expected all tensors to be on the same device, but found at least two devices, cuda:0 and cpu!",,
0.154,3,cba,SGC,"Expected all tensors to be on the same device, but found at least two devices, cuda:0 and cpu!",,
0.156,3,cba,SGC,"Expected all tensors to be on the same device, but found at least two devices, cuda:0 and cpu!",,
0.158,3,cba,SGC,"Expected all tensors to be on the same device, but found at least two devices, cuda:0 and cpu!",,
0.16,3,cba,SGC,"Expected all tensors to be on the same device, but found at least two devices, cuda:0 and cpu!",,
0.162,3,cba,SGC,"Expected all tensors to be on the same device, but found at least two devices, cuda:0 and cpu!",,
0.164,3,cba,SGC,"Expected all tensors to be on the same device, but found at least two devices, cuda:0 and cpu!",,
0.16599999999999998,3,cba,SGC,"Expected all tensors to be on the same device, but found at least two devices, cuda:0 and cpu!",,
0.16799999999999998,3,cba,SGC,"Expected all tensors to be on the same device, but found at least two devices, cuda:0 and cpu!",,
0.16999999999999998,3,cba,SGC,"Expected all tensors to be on the same device, but found at least two devices, cuda:0 and cpu!",,
0.172,3,cba,SGC,"Expected all tensors to be on the same device, but found at least two devices, cuda:0 and cpu!",,
0.174,3,cba,SGC,"Expected all tensors to be on the same device, but found at least two devices, cuda:0 and cpu!",,
0.176,3,cba,SGC,"Expected all tensors to be on the same device, but found at least two devices, cuda:0 and cpu!",,
0.178,3,cba,SGC,"Expected all tensors to be on the same device, but found at least two devices, cuda:0 and cpu!",,
0.18,3,cba,SGC,"Expected all tensors to be on the same device, but found at least two devices, cuda:0 and cpu!",,
0.2,3,cba,SGC,"Expected all tensors to be on the same device, but found at least two devices, cuda:0 and cpu!",,
0.22,3,cba,SGC,"Expected all tensors to be on the same device, but found at least two devices, cuda:0 and cpu!",,
0.24,3,cba,SGC,"Expected all tensors to be on the same device, but found at least two devices, cuda:0 and cpu!",,
0.25,3,cba,SGC,"Expected all tensors to be on the same device, but found at least two devices, cuda:0 and cpu!",,
0.26,3,cba,SGC,"Expected all tensors to be on the same device, but found at least two devices, cuda:0 and cpu!",,
0.28,3,cba,SGC,"Expected all tensors to be on the same device, but found at least two devices, cuda:0 and cpu!",,
0.3,3,cba,SGC,"Expected all tensors to be on the same device, but found at least two devices, cuda:0 and cpu!",,
0.5,3,cba,SGC,"Expected all tensors to be on the same device, but found at least two devices, cuda:0 and cpu!",,
1.0,3,cba,SGC,"Expected all tensors to be on the same device, but found at least two devices, cuda:0 and cpu!",,
0.0,4,cba,SGC,"Expected all tensors to be on the same device, but found at least two devices, cuda:0 and cpu!",,
0.02,4,cba,SGC,"Expected all tensors to be on the same device, but found at least two devices, cuda:0 and cpu!",,
0.04,4,cba,SGC,"Expected all tensors to be on the same device, but found at least two devices, cuda:0 and cpu!",,
0.05,4,cba,SGC,"Expected all tensors to be on the same device, but found at least two devices, cuda:0 and cpu!",,
0.06,4,cba,SGC,"Expected all tensors to be on the same device, but found at least two devices, cuda:0 and cpu!",,
0.08,4,cba,SGC,"Expected all tensors to be on the same device, but found at least two devices, cuda:0 and cpu!",,
0.1,4,cba,SGC,"Expected all tensors to be on the same device, but found at least two devices, cuda:0 and cpu!",,
0.12,4,cba,SGC,"Expected all tensors to be on the same device, but found at least two devices, cuda:0 and cpu!",,
0.13,4,cba,SGC,"Expected all tensors to be on the same device, but found at least two devices, cuda:0 and cpu!",,
0.132,4,cba,SGC,"Expected all tensors to be on the same device, but found at least two devices, cuda:0 and cpu!",,
0.134,4,cba,SGC,"Expected all tensors to be on the same device, but found at least two devices, cuda:0 and cpu!",,
0.136,4,cba,SGC,"Expected all tensors to be on the same device, but found at least two devices, cuda:0 and cpu!",,
0.138,4,cba,SGC,"Expected all tensors to be on the same device, but found at least two devices, cuda:0 and cpu!",,
0.14,4,cba,SGC,"Expected all tensors to be on the same device, but found at least two devices, cuda:0 and cpu!",,
0.14200000000000002,4,cba,SGC,"Expected all tensors to be on the same device, but found at least two devices, cuda:0 and cpu!",,
0.144,4,cba,SGC,"Expected all tensors to be on the same device, but found at least two devices, cuda:0 and cpu!",,
0.146,4,cba,SGC,"Expected all tensors to be on the same device, but found at least two devices, cuda:0 and cpu!",,
0.148,4,cba,SGC,"Expected all tensors to be on the same device, but found at least two devices, cuda:0 and cpu!",,
0.15,4,cba,SGC,"Expected all tensors to be on the same device, but found at least two devices, cuda:0 and cpu!",,
0.152,4,cba,SGC,"Expected all tensors to be on the same device, but found at least two devices, cuda:0 and cpu!",,
0.154,4,cba,SGC,"Expected all tensors to be on the same device, but found at least two devices, cuda:0 and cpu!",,
0.156,4,cba,SGC,"Expected all tensors to be on the same device, but found at least two devices, cuda:0 and cpu!",,
0.158,4,cba,SGC,"Expected all tensors to be on the same device, but found at least two devices, cuda:0 and cpu!",,
0.16,4,cba,SGC,"Expected all tensors to be on the same device, but found at least two devices, cuda:0 and cpu!",,
0.162,4,cba,SGC,"Expected all tensors to be on the same device, but found at least two devices, cuda:0 and cpu!",,
0.164,4,cba,SGC,"Expected all tensors to be on the same device, but found at least two devices, cuda:0 and cpu!",,
0.16599999999999998,4,cba,SGC,"Expected all tensors to be on the same device, but found at least two devices, cuda:0 and cpu!",,
0.16799999999999998,4,cba,SGC,"Expected all tensors to be on the same device, but found at least two devices, cuda:0 and cpu!",,
0.16999999999999998,4,cba,SGC,"Expected all tensors to be on the same device, but found at least two devices, cuda:0 and cpu!",,
0.172,4,cba,SGC,"Expected all tensors to be on the same device, but found at least two devices, cuda:0 and cpu!",,
0.174,4,cba,SGC,"Expected all tensors to be on the same device, but found at least two devices, cuda:0 and cpu!",,
0.176,4,cba,SGC,"Expected all tensors to be on the same device, but found at least two devices, cuda:0 and cpu!",,
0.178,4,cba,SGC,"Expected all tensors to be on the same device, but found at least two devices, cuda:0 and cpu!",,
0.18,4,cba,SGC,"Expected all tensors to be on the same device, but found at least two devices, cuda:0 and cpu!",,
0.2,4,cba,SGC,"Expected all tensors to be on the same device, but found at least two devices, cuda:0 and cpu!",,
0.22,4,cba,SGC,"Expected all tensors to be on the same device, but found at least two devices, cuda:0 and cpu!",,
0.24,4,cba,SGC,"Expected all tensors to be on the same device, but found at least two devices, cuda:0 and cpu!",,
0.25,4,cba,SGC,"Expected all tensors to be on the same device, but found at least two devices, cuda:0 and cpu!",,
0.26,4,cba,SGC,"Expected all tensors to be on the same device, but found at least two devices, cuda:0 and cpu!",,
0.28,4,cba,SGC,"Expected all tensors to be on the same device, but found at least two devices, cuda:0 and cpu!",,
0.3,4,cba,SGC,"Expected all tensors to be on the same device, but found at least two devices, cuda:0 and cpu!",,
0.5,4,cba,SGC,"Expected all tensors to be on the same device, but found at least two devices, cuda:0 and cpu!",,
1.0,4,cba,SGC,"Expected all tensors to be on the same device, but found at least two devices, cuda:0 and cpu!",,
0.0,5,cba,SGC,"Expected all tensors to be on the same device, but found at least two devices, cuda:0 and cpu!",,
0.02,5,cba,SGC,"Expected all tensors to be on the same device, but found at least two devices, cuda:0 and cpu!",,
0.04,5,cba,SGC,"Expected all tensors to be on the same device, but found at least two devices, cuda:0 and cpu!",,
0.05,5,cba,SGC,"Expected all tensors to be on the same device, but found at least two devices, cuda:0 and cpu!",,
0.06,5,cba,SGC,"Expected all tensors to be on the same device, but found at least two devices, cuda:0 and cpu!",,
0.08,5,cba,SGC,"Expected all tensors to be on the same device, but found at least two devices, cuda:0 and cpu!",,
0.1,5,cba,SGC,"Expected all tensors to be on the same device, but found at least two devices, cuda:0 and cpu!",,
0.12,5,cba,SGC,"Expected all tensors to be on the same device, but found at least two devices, cuda:0 and cpu!",,
0.13,5,cba,SGC,"Expected all tensors to be on the same device, but found at least two devices, cuda:0 and cpu!",,
0.132,5,cba,SGC,"Expected all tensors to be on the same device, but found at least two devices, cuda:0 and cpu!",,
0.134,5,cba,SGC,"Expected all tensors to be on the same device, but found at least two devices, cuda:0 and cpu!",,
0.136,5,cba,SGC,"Expected all tensors to be on the same device, but found at least two devices, cuda:0 and cpu!",,
0.138,5,cba,SGC,"Expected all tensors to be on the same device, but found at least two devices, cuda:0 and cpu!",,
0.14,5,cba,SGC,"Expected all tensors to be on the same device, but found at least two devices, cuda:0 and cpu!",,
0.14200000000000002,5,cba,SGC,"Expected all tensors to be on the same device, but found at least two devices, cuda:0 and cpu!",,
0.144,5,cba,SGC,"Expected all tensors to be on the same device, but found at least two devices, cuda:0 and cpu!",,
0.146,5,cba,SGC,"Expected all tensors to be on the same device, but found at least two devices, cuda:0 and cpu!",,
0.148,5,cba,SGC,"Expected all tensors to be on the same device, but found at least two devices, cuda:0 and cpu!",,
0.15,5,cba,SGC,"Expected all tensors to be on the same device, but found at least two devices, cuda:0 and cpu!",,
0.152,5,cba,SGC,"Expected all tensors to be on the same device, but found at least two devices, cuda:0 and cpu!",,
0.154,5,cba,SGC,"Expected all tensors to be on the same device, but found at least two devices, cuda:0 and cpu!",,
0.156,5,cba,SGC,"Expected all tensors to be on the same device, but found at least two devices, cuda:0 and cpu!",,
0.158,5,cba,SGC,"Expected all tensors to be on the same device, but found at least two devices, cuda:0 and cpu!",,
0.16,5,cba,SGC,"Expected all tensors to be on the same device, but found at least two devices, cuda:0 and cpu!",,
0.162,5,cba,SGC,"Expected all tensors to be on the same device, but found at least two devices, cuda:0 and cpu!",,
0.164,5,cba,SGC,"Expected all tensors to be on the same device, but found at least two devices, cuda:0 and cpu!",,
0.16599999999999998,5,cba,SGC,"Expected all tensors to be on the same device, but found at least two devices, cuda:0 and cpu!",,
0.16799999999999998,5,cba,SGC,"Expected all tensors to be on the same device, but found at least two devices, cuda:0 and cpu!",,
0.16999999999999998,5,cba,SGC,"Expected all tensors to be on the same device, but found at least two devices, cuda:0 and cpu!",,
0.172,5,cba,SGC,"Expected all tensors to be on the same device, but found at least two devices, cuda:0 and cpu!",,
0.174,5,cba,SGC,"Expected all tensors to be on the same device, but found at least two devices, cuda:0 and cpu!",,
0.176,5,cba,SGC,"Expected all tensors to be on the same device, but found at least two devices, cuda:0 and cpu!",,
0.178,5,cba,SGC,"Expected all tensors to be on the same device, but found at least two devices, cuda:0 and cpu!",,
0.18,5,cba,SGC,"Expected all tensors to be on the same device, but found at least two devices, cuda:0 and cpu!",,
0.2,5,cba,SGC,"Expected all tensors to be on the same device, but found at least two devices, cuda:0 and cpu!",,
0.22,5,cba,SGC,"Expected all tensors to be on the same device, but found at least two devices, cuda:0 and cpu!",,
0.24,5,cba,SGC,"Expected all tensors to be on the same device, but found at least two devices, cuda:0 and cpu!",,
0.25,5,cba,SGC,"Expected all tensors to be on the same device, but found at least two devices, cuda:0 and cpu!",,
0.26,5,cba,SGC,"Expected all tensors to be on the same device, but found at least two devices, cuda:0 and cpu!",,
0.28,5,cba,SGC,"Expected all tensors to be on the same device, but found at least two devices, cuda:0 and cpu!",,
0.3,5,cba,SGC,"Expected all tensors to be on the same device, but found at least two devices, cuda:0 and cpu!",,
0.5,5,cba,SGC,"Expected all tensors to be on the same device, but found at least two devices, cuda:0 and cpu!",,
1.0,5,cba,SGC,"Expected all tensors to be on the same device, but found at least two devices, cuda:0 and cpu!",,
0.0,6,cba,SGC,"Expected all tensors to be on the same device, but found at least two devices, cuda:0 and cpu!",,
0.02,6,cba,SGC,"Expected all tensors to be on the same device, but found at least two devices, cuda:0 and cpu!",,
0.04,6,cba,SGC,"Expected all tensors to be on the same device, but found at least two devices, cuda:0 and cpu!",,
0.05,6,cba,SGC,"Expected all tensors to be on the same device, but found at least two devices, cuda:0 and cpu!",,
0.06,6,cba,SGC,"Expected all tensors to be on the same device, but found at least two devices, cuda:0 and cpu!",,
0.08,6,cba,SGC,"Expected all tensors to be on the same device, but found at least two devices, cuda:0 and cpu!",,
0.1,6,cba,SGC,"Expected all tensors to be on the same device, but found at least two devices, cuda:0 and cpu!",,
0.12,6,cba,SGC,"Expected all tensors to be on the same device, but found at least two devices, cuda:0 and cpu!",,
0.13,6,cba,SGC,"Expected all tensors to be on the same device, but found at least two devices, cuda:0 and cpu!",,
0.132,6,cba,SGC,"Expected all tensors to be on the same device, but found at least two devices, cuda:0 and cpu!",,
0.134,6,cba,SGC,"Expected all tensors to be on the same device, but found at least two devices, cuda:0 and cpu!",,
0.136,6,cba,SGC,"Expected all tensors to be on the same device, but found at least two devices, cuda:0 and cpu!",,
0.138,6,cba,SGC,"Expected all tensors to be on the same device, but found at least two devices, cuda:0 and cpu!",,
0.14,6,cba,SGC,"Expected all tensors to be on the same device, but found at least two devices, cuda:0 and cpu!",,
0.14200000000000002,6,cba,SGC,"Expected all tensors to be on the same device, but found at least two devices, cuda:0 and cpu!",,
0.144,6,cba,SGC,"Expected all tensors to be on the same device, but found at least two devices, cuda:0 and cpu!",,
0.146,6,cba,SGC,"Expected all tensors to be on the same device, but found at least two devices, cuda:0 and cpu!",,
0.148,6,cba,SGC,"Expected all tensors to be on the same device, but found at least two devices, cuda:0 and cpu!",,
0.15,6,cba,SGC,"Expected all tensors to be on the same device, but found at least two devices, cuda:0 and cpu!",,
0.152,6,cba,SGC,"Expected all tensors to be on the same device, but found at least two devices, cuda:0 and cpu!",,
0.154,6,cba,SGC,"Expected all tensors to be on the same device, but found at least two devices, cuda:0 and cpu!",,
0.156,6,cba,SGC,"Expected all tensors to be on the same device, but found at least two devices, cuda:0 and cpu!",,
0.158,6,cba,SGC,"Expected all tensors to be on the same device, but found at least two devices, cuda:0 and cpu!",,
0.16,6,cba,SGC,"Expected all tensors to be on the same device, but found at least two devices, cuda:0 and cpu!",,
0.162,6,cba,SGC,"Expected all tensors to be on the same device, but found at least two devices, cuda:0 and cpu!",,
0.164,6,cba,SGC,"Expected all tensors to be on the same device, but found at least two devices, cuda:0 and cpu!",,
0.16599999999999998,6,cba,SGC,"Expected all tensors to be on the same device, but found at least two devices, cuda:0 and cpu!",,
0.16799999999999998,6,cba,SGC,"Expected all tensors to be on the same device, but found at least two devices, cuda:0 and cpu!",,
0.16999999999999998,6,cba,SGC,"Expected all tensors to be on the same device, but found at least two devices, cuda:0 and cpu!",,
0.172,6,cba,SGC,"Expected all tensors to be on the same device, but found at least two devices, cuda:0 and cpu!",,
0.174,6,cba,SGC,"Expected all tensors to be on the same device, but found at least two devices, cuda:0 and cpu!",,
0.176,6,cba,SGC,"Expected all tensors to be on the same device, but found at least two devices, cuda:0 and cpu!",,
0.178,6,cba,SGC,"Expected all tensors to be on the same device, but found at least two devices, cuda:0 and cpu!",,
0.18,6,cba,SGC,"Expected all tensors to be on the same device, but found at least two devices, cuda:0 and cpu!",,
0.2,6,cba,SGC,"Expected all tensors to be on the same device, but found at least two devices, cuda:0 and cpu!",,
0.22,6,cba,SGC,"Expected all tensors to be on the same device, but found at least two devices, cuda:0 and cpu!",,
0.24,6,cba,SGC,"Expected all tensors to be on the same device, but found at least two devices, cuda:0 and cpu!",,
0.25,6,cba,SGC,"Expected all tensors to be on the same device, but found at least two devices, cuda:0 and cpu!",,
0.26,6,cba,SGC,"Expected all tensors to be on the same device, but found at least two devices, cuda:0 and cpu!",,
0.28,6,cba,SGC,"Expected all tensors to be on the same device, but found at least two devices, cuda:0 and cpu!",,
0.3,6,cba,SGC,"Expected all tensors to be on the same device, but found at least two devices, cuda:0 and cpu!",,
0.5,6,cba,SGC,"Expected all tensors to be on the same device, but found at least two devices, cuda:0 and cpu!",,
1.0,6,cba,SGC,"Expected all tensors to be on the same device, but found at least two devices, cuda:0 and cpu!",,
0.0,7,cba,SGC,"Expected all tensors to be on the same device, but found at least two devices, cuda:0 and cpu!",,
0.02,7,cba,SGC,"Expected all tensors to be on the same device, but found at least two devices, cuda:0 and cpu!",,
0.04,7,cba,SGC,"Expected all tensors to be on the same device, but found at least two devices, cuda:0 and cpu!",,
0.05,7,cba,SGC,"Expected all tensors to be on the same device, but found at least two devices, cuda:0 and cpu!",,
0.06,7,cba,SGC,"Expected all tensors to be on the same device, but found at least two devices, cuda:0 and cpu!",,
0.08,7,cba,SGC,"Expected all tensors to be on the same device, but found at least two devices, cuda:0 and cpu!",,
0.1,7,cba,SGC,"Expected all tensors to be on the same device, but found at least two devices, cuda:0 and cpu!",,
0.12,7,cba,SGC,"Expected all tensors to be on the same device, but found at least two devices, cuda:0 and cpu!",,
0.13,7,cba,SGC,"Expected all tensors to be on the same device, but found at least two devices, cuda:0 and cpu!",,
0.132,7,cba,SGC,"Expected all tensors to be on the same device, but found at least two devices, cuda:0 and cpu!",,
0.134,7,cba,SGC,"Expected all tensors to be on the same device, but found at least two devices, cuda:0 and cpu!",,
0.136,7,cba,SGC,"Expected all tensors to be on the same device, but found at least two devices, cuda:0 and cpu!",,
0.138,7,cba,SGC,"Expected all tensors to be on the same device, but found at least two devices, cuda:0 and cpu!",,
0.14,7,cba,SGC,"Expected all tensors to be on the same device, but found at least two devices, cuda:0 and cpu!",,
0.14200000000000002,7,cba,SGC,"Expected all tensors to be on the same device, but found at least two devices, cuda:0 and cpu!",,
0.144,7,cba,SGC,"Expected all tensors to be on the same device, but found at least two devices, cuda:0 and cpu!",,
0.146,7,cba,SGC,"Expected all tensors to be on the same device, but found at least two devices, cuda:0 and cpu!",,
0.148,7,cba,SGC,"Expected all tensors to be on the same device, but found at least two devices, cuda:0 and cpu!",,
0.15,7,cba,SGC,"Expected all tensors to be on the same device, but found at least two devices, cuda:0 and cpu!",,
0.152,7,cba,SGC,"Expected all tensors to be on the same device, but found at least two devices, cuda:0 and cpu!",,
0.154,7,cba,SGC,"Expected all tensors to be on the same device, but found at least two devices, cuda:0 and cpu!",,
0.156,7,cba,SGC,"Expected all tensors to be on the same device, but found at least two devices, cuda:0 and cpu!",,
0.158,7,cba,SGC,"Expected all tensors to be on the same device, but found at least two devices, cuda:0 and cpu!",,
0.16,7,cba,SGC,"Expected all tensors to be on the same device, but found at least two devices, cuda:0 and cpu!",,
0.162,7,cba,SGC,"Expected all tensors to be on the same device, but found at least two devices, cuda:0 and cpu!",,
0.164,7,cba,SGC,"Expected all tensors to be on the same device, but found at least two devices, cuda:0 and cpu!",,
0.16599999999999998,7,cba,SGC,"Expected all tensors to be on the same device, but found at least two devices, cuda:0 and cpu!",,
0.16799999999999998,7,cba,SGC,"Expected all tensors to be on the same device, but found at least two devices, cuda:0 and cpu!",,
0.16999999999999998,7,cba,SGC,"Expected all tensors to be on the same device, but found at least two devices, cuda:0 and cpu!",,
0.172,7,cba,SGC,"Expected all tensors to be on the same device, but found at least two devices, cuda:0 and cpu!",,
0.174,7,cba,SGC,"Expected all tensors to be on the same device, but found at least two devices, cuda:0 and cpu!",,
0.176,7,cba,SGC,"Expected all tensors to be on the same device, but found at least two devices, cuda:0 and cpu!",,
0.178,7,cba,SGC,"Expected all tensors to be on the same device, but found at least two devices, cuda:0 and cpu!",,
0.18,7,cba,SGC,"Expected all tensors to be on the same device, but found at least two devices, cuda:0 and cpu!",,
0.2,7,cba,SGC,"Expected all tensors to be on the same device, but found at least two devices, cuda:0 and cpu!",,
0.22,7,cba,SGC,"Expected all tensors to be on the same device, but found at least two devices, cuda:0 and cpu!",,
0.24,7,cba,SGC,"Expected all tensors to be on the same device, but found at least two devices, cuda:0 and cpu!",,
0.25,7,cba,SGC,"Expected all tensors to be on the same device, but found at least two devices, cuda:0 and cpu!",,
0.26,7,cba,SGC,"Expected all tensors to be on the same device, but found at least two devices, cuda:0 and cpu!",,
0.28,7,cba,SGC,"Expected all tensors to be on the same device, but found at least two devices, cuda:0 and cpu!",,
0.3,7,cba,SGC,"Expected all tensors to be on the same device, but found at least two devices, cuda:0 and cpu!",,
0.5,7,cba,SGC,"Expected all tensors to be on the same device, but found at least two devices, cuda:0 and cpu!",,
1.0,7,cba,SGC,"Expected all tensors to be on the same device, but found at least two devices, cuda:0 and cpu!",,
0.0,8,cba,SGC,"Expected all tensors to be on the same device, but found at least two devices, cuda:0 and cpu!",,
0.02,8,cba,SGC,"Expected all tensors to be on the same device, but found at least two devices, cuda:0 and cpu!",,
0.04,8,cba,SGC,"Expected all tensors to be on the same device, but found at least two devices, cuda:0 and cpu!",,
0.05,8,cba,SGC,"Expected all tensors to be on the same device, but found at least two devices, cuda:0 and cpu!",,
0.06,8,cba,SGC,"Expected all tensors to be on the same device, but found at least two devices, cuda:0 and cpu!",,
0.08,8,cba,SGC,"Expected all tensors to be on the same device, but found at least two devices, cuda:0 and cpu!",,
0.1,8,cba,SGC,"Expected all tensors to be on the same device, but found at least two devices, cuda:0 and cpu!",,
0.12,8,cba,SGC,"Expected all tensors to be on the same device, but found at least two devices, cuda:0 and cpu!",,
0.13,8,cba,SGC,"Expected all tensors to be on the same device, but found at least two devices, cuda:0 and cpu!",,
0.132,8,cba,SGC,"Expected all tensors to be on the same device, but found at least two devices, cuda:0 and cpu!",,
0.134,8,cba,SGC,"Expected all tensors to be on the same device, but found at least two devices, cuda:0 and cpu!",,
0.136,8,cba,SGC,"Expected all tensors to be on the same device, but found at least two devices, cuda:0 and cpu!",,
0.138,8,cba,SGC,"Expected all tensors to be on the same device, but found at least two devices, cuda:0 and cpu!",,
0.14,8,cba,SGC,"Expected all tensors to be on the same device, but found at least two devices, cuda:0 and cpu!",,
0.14200000000000002,8,cba,SGC,"Expected all tensors to be on the same device, but found at least two devices, cuda:0 and cpu!",,
0.144,8,cba,SGC,"Expected all tensors to be on the same device, but found at least two devices, cuda:0 and cpu!",,
0.146,8,cba,SGC,"Expected all tensors to be on the same device, but found at least two devices, cuda:0 and cpu!",,
0.148,8,cba,SGC,"Expected all tensors to be on the same device, but found at least two devices, cuda:0 and cpu!",,
0.15,8,cba,SGC,"Expected all tensors to be on the same device, but found at least two devices, cuda:0 and cpu!",,
0.152,8,cba,SGC,"Expected all tensors to be on the same device, but found at least two devices, cuda:0 and cpu!",,
0.154,8,cba,SGC,"Expected all tensors to be on the same device, but found at least two devices, cuda:0 and cpu!",,
0.156,8,cba,SGC,"Expected all tensors to be on the same device, but found at least two devices, cuda:0 and cpu!",,
0.158,8,cba,SGC,"Expected all tensors to be on the same device, but found at least two devices, cuda:0 and cpu!",,
0.16,8,cba,SGC,"Expected all tensors to be on the same device, but found at least two devices, cuda:0 and cpu!",,
0.162,8,cba,SGC,"Expected all tensors to be on the same device, but found at least two devices, cuda:0 and cpu!",,
0.164,8,cba,SGC,"Expected all tensors to be on the same device, but found at least two devices, cuda:0 and cpu!",,
0.16599999999999998,8,cba,SGC,"Expected all tensors to be on the same device, but found at least two devices, cuda:0 and cpu!",,
0.16799999999999998,8,cba,SGC,"Expected all tensors to be on the same device, but found at least two devices, cuda:0 and cpu!",,
0.16999999999999998,8,cba,SGC,"Expected all tensors to be on the same device, but found at least two devices, cuda:0 and cpu!",,
0.172,8,cba,SGC,"Expected all tensors to be on the same device, but found at least two devices, cuda:0 and cpu!",,
0.174,8,cba,SGC,"Expected all tensors to be on the same device, but found at least two devices, cuda:0 and cpu!",,
0.176,8,cba,SGC,"Expected all tensors to be on the same device, but found at least two devices, cuda:0 and cpu!",,
0.178,8,cba,SGC,"Expected all tensors to be on the same device, but found at least two devices, cuda:0 and cpu!",,
0.18,8,cba,SGC,"Expected all tensors to be on the same device, but found at least two devices, cuda:0 and cpu!",,
0.2,8,cba,SGC,"Expected all tensors to be on the same device, but found at least two devices, cuda:0 and cpu!",,
0.22,8,cba,SGC,"Expected all tensors to be on the same device, but found at least two devices, cuda:0 and cpu!",,
0.24,8,cba,SGC,"Expected all tensors to be on the same device, but found at least two devices, cuda:0 and cpu!",,
0.25,8,cba,SGC,"Expected all tensors to be on the same device, but found at least two devices, cuda:0 and cpu!",,
0.26,8,cba,SGC,"Expected all tensors to be on the same device, but found at least two devices, cuda:0 and cpu!",,
0.28,8,cba,SGC,"Expected all tensors to be on the same device, but found at least two devices, cuda:0 and cpu!",,
0.3,8,cba,SGC,"Expected all tensors to be on the same device, but found at least two devices, cuda:0 and cpu!",,
0.5,8,cba,SGC,"Expected all tensors to be on the same device, but found at least two devices, cuda:0 and cpu!",,
1.0,8,cba,SGC,"Expected all tensors to be on the same device, but found at least two devices, cuda:0 and cpu!",,
0.0,9,cba,SGC,"Expected all tensors to be on the same device, but found at least two devices, cuda:0 and cpu!",,
0.02,9,cba,SGC,"Expected all tensors to be on the same device, but found at least two devices, cuda:0 and cpu!",,
0.04,9,cba,SGC,"Expected all tensors to be on the same device, but found at least two devices, cuda:0 and cpu!",,
0.05,9,cba,SGC,"Expected all tensors to be on the same device, but found at least two devices, cuda:0 and cpu!",,
0.06,9,cba,SGC,"Expected all tensors to be on the same device, but found at least two devices, cuda:0 and cpu!",,
0.08,9,cba,SGC,"Expected all tensors to be on the same device, but found at least two devices, cuda:0 and cpu!",,
0.1,9,cba,SGC,"Expected all tensors to be on the same device, but found at least two devices, cuda:0 and cpu!",,
0.12,9,cba,SGC,"Expected all tensors to be on the same device, but found at least two devices, cuda:0 and cpu!",,
0.13,9,cba,SGC,"Expected all tensors to be on the same device, but found at least two devices, cuda:0 and cpu!",,
0.132,9,cba,SGC,"Expected all tensors to be on the same device, but found at least two devices, cuda:0 and cpu!",,
0.134,9,cba,SGC,"Expected all tensors to be on the same device, but found at least two devices, cuda:0 and cpu!",,
0.136,9,cba,SGC,"Expected all tensors to be on the same device, but found at least two devices, cuda:0 and cpu!",,
0.138,9,cba,SGC,"Expected all tensors to be on the same device, but found at least two devices, cuda:0 and cpu!",,
0.14,9,cba,SGC,"Expected all tensors to be on the same device, but found at least two devices, cuda:0 and cpu!",,
0.14200000000000002,9,cba,SGC,"Expected all tensors to be on the same device, but found at least two devices, cuda:0 and cpu!",,
0.144,9,cba,SGC,"Expected all tensors to be on the same device, but found at least two devices, cuda:0 and cpu!",,
0.146,9,cba,SGC,"Expected all tensors to be on the same device, but found at least two devices, cuda:0 and cpu!",,
0.148,9,cba,SGC,"Expected all tensors to be on the same device, but found at least two devices, cuda:0 and cpu!",,
0.15,9,cba,SGC,"Expected all tensors to be on the same device, but found at least two devices, cuda:0 and cpu!",,
0.152,9,cba,SGC,"Expected all tensors to be on the same device, but found at least two devices, cuda:0 and cpu!",,
0.154,9,cba,SGC,"Expected all tensors to be on the same device, but found at least two devices, cuda:0 and cpu!",,
0.156,9,cba,SGC,"Expected all tensors to be on the same device, but found at least two devices, cuda:0 and cpu!",,
0.158,9,cba,SGC,"Expected all tensors to be on the same device, but found at least two devices, cuda:0 and cpu!",,
0.16,9,cba,SGC,"Expected all tensors to be on the same device, but found at least two devices, cuda:0 and cpu!",,
0.162,9,cba,SGC,"Expected all tensors to be on the same device, but found at least two devices, cuda:0 and cpu!",,
0.164,9,cba,SGC,"Expected all tensors to be on the same device, but found at least two devices, cuda:0 and cpu!",,
0.16599999999999998,9,cba,SGC,"Expected all tensors to be on the same device, but found at least two devices, cuda:0 and cpu!",,
0.16799999999999998,9,cba,SGC,"Expected all tensors to be on the same device, but found at least two devices, cuda:0 and cpu!",,
0.16999999999999998,9,cba,SGC,"Expected all tensors to be on the same device, but found at least two devices, cuda:0 and cpu!",,
0.172,9,cba,SGC,"Expected all tensors to be on the same device, but found at least two devices, cuda:0 and cpu!",,
0.174,9,cba,SGC,"Expected all tensors to be on the same device, but found at least two devices, cuda:0 and cpu!",,
0.176,9,cba,SGC,"Expected all tensors to be on the same device, but found at least two devices, cuda:0 and cpu!",,
0.178,9,cba,SGC,"Expected all tensors to be on the same device, but found at least two devices, cuda:0 and cpu!",,
0.18,9,cba,SGC,"Expected all tensors to be on the same device, but found at least two devices, cuda:0 and cpu!",,
0.2,9,cba,SGC,"Expected all tensors to be on the same device, but found at least two devices, cuda:0 and cpu!",,
0.22,9,cba,SGC,"Expected all tensors to be on the same device, but found at least two devices, cuda:0 and cpu!",,
0.24,9,cba,SGC,"Expected all tensors to be on the same device, but found at least two devices, cuda:0 and cpu!",,
0.25,9,cba,SGC,"Expected all tensors to be on the same device, but found at least two devices, cuda:0 and cpu!",,
0.26,9,cba,SGC,"Expected all tensors to be on the same device, but found at least two devices, cuda:0 and cpu!",,
0.28,9,cba,SGC,"Expected all tensors to be on the same device, but found at least two devices, cuda:0 and cpu!",,
0.3,9,cba,SGC,"Expected all tensors to be on the same device, but found at least two devices, cuda:0 and cpu!",,
0.5,9,cba,SGC,"Expected all tensors to be on the same device, but found at least two devices, cuda:0 and cpu!",,
1.0,9,cba,SGC,"Expected all tensors to be on the same device, but found at least two devices, cuda:0 and cpu!",,
